{
  "courses": [
    {
      "courseName": "Javascript",
      "courseDuration": "55",
      "coursePrice": "777",
      "id": 8
    },
    {
      "courseName": "Selenium",
      "courseDuration": "7",
      "coursePrice": "8000",
      "id": 9
    },
    {
      "courseName": "Java",
      "courseDuration": "6",
      "coursePrice": "999",
      "id": 10
    },
    {
      "courseName": "Python",
      "courseDuration": "12",
      "coursePrice": "15000",
      "id": 11
    },
    {
      "courseName": "C++",
      "courseDuration": "weg",
      "coursePrice": "12",
      "id": 12
    },
    {
      "courseName": "Testing",
      "courseDuration": "3",
      "coursePrice": "12890",
      "id": 13
    },
    {
      "courseName": "developing",
      "courseDuration": "14",
      "coursePrice": "145654",
      "id": 14
    }
  ]
}